driverId,forename,surname,races,wins,podiums,points,avg_finish,finish_stddev,avg_position_gain,top10_rate
1,Lewis,Hamilton,326,105,202,4820.5,3.644171779141104,3.276360047078685,0.6441717791411042,95.70552147239265
2,Nick,Heidfeld,138,0,13,259.0,8.355072463768115,3.7742901389671726,2.427536231884058,73.18840579710145
3,Nico,Rosberg,177,23,57,1594.5,6.3559322033898304,4.3331283780695955,0.3163841807909605,81.35593220338984
4,Fernando,Alonso,334,32,106,2329.0,6.4640718562874255,4.36098897174001,1.7035928143712575,81.1377245508982
5,Heikki,Kovalainen,91,1,4,105.0,11.835164835164836,5.0930535181945755,1.6483516483516483,39.56043956043956
6,Kazuki,Nakajima,30,0,0,9.0,12.2,3.1666364184883227,1.9,30.0
7,Sébastien,Bourdais,20,0,0,6.0,12.25,3.5817519970568945,1.7,35.0
8,Kimi,Räikkönen,285,21,103,1873.0,6.23859649122807,4.283022263935587,1.2280701754385965,81.05263157894737
9,Robert,Kubica,85,1,12,274.0,9.423529411764706,5.499732613821277,0.18823529411764706,61.1764705882353
10,Timo,Glock,74,0,3,51.0,13.77027027027027,5.316161189144572,3.027027027027027,28.37837837837838
11,Takuma,Sato,59,0,1,44.0,11.576271186440678,4.1820774817213735,2.7288135593220337,38.983050847457626
12,Nelson,Piquet Jr.,17,0,1,19.0,10.470588235294118,3.9861893936882806,3.3529411764705883,41.17647058823529
13,Felipe,Massa,229,11,41,1167.0,7.2663755458515285,3.919559080389339,0.7685589519650655,81.6593886462882
14,David,Coulthard,169,13,62,535.0,5.828402366863905,3.8683881138068292,1.680473372781065,86.3905325443787
15,Jarno,Trulli,170,1,11,246.5,9.470588235294118,4.762000065345022,1.0176470588235293,62.35294117647059
16,Adrian,Sutil,89,0,0,124.0,12.47191011235955,4.109550649071374,1.550561797752809,33.70786516853933
17,Mark,Webber,160,9,42,1047.5,6.6,3.861110734054248,0.9625,82.5
18,Jenson,Button,242,15,50,1235.0,7.409090909090909,4.355804064193334,1.93801652892562,74.3801652892562
19,Anthony,Davidson,14,0,0,0.0,14.285714285714286,2.2677868380553634,2.0714285714285716,0.0
20,Sebastian,Vettel,262,53,122,3098.0,5.282442748091603,4.53808879913306,0.7824427480916031,83.96946564885496
21,Giancarlo,Fisichella,162,3,19,275.0,8.228395061728396,4.049805901886759,2.7962962962962963,69.1358024691358
22,Rubens,Barrichello,229,11,68,658.0,7.056768558951965,4.427912862625812,1.5283842794759825,75.10917030567686
23,Ralf,Schumacher,122,6,27,329.0,6.254098360655738,3.607983515496774,1.5245901639344261,86.0655737704918
24,Vitantonio,Liuzzi,55,0,0,26.0,13.818181818181818,4.342259648526199,3.1818181818181817,25.454545454545453
25,Alexander,Wurz,47,0,3,45.0,8.319148936170214,3.26447534221726,4.042553191489362,74.46808510638297
26,Scott,Speed,17,0,0,0.0,12.294117647058824,2.312052818448168,4.764705882352941,23.52941176470588
27,Christijan,Albers,28,0,0,4.0,14.0,2.9059326290271157,4.142857142857143,7.142857142857142
29,Sakon,Yamamoto,14,0,0,0.0,17.428571428571427,2.376626106132736,4.357142857142857,0.0
30,Michael,Schumacher,241,91,155,1566.0,3.7012448132780085,3.598894290007706,1.116182572614108,93.7759336099585
31,Juan,Pablo Montoya,62,7,30,307.0,4.209677419354839,2.9372514015445113,0.9516129032258065,93.54838709677419
32,Christian,Klien,35,0,0,14.0,11.228571428571428,3.532085821734919,1.6285714285714286,42.857142857142854
33,Tiago,Monteiro,29,0,1,7.0,13.344827586206897,3.2102054014053087,4.379310344827586,17.24137931034483
34,Yuji,Ide,1,0,0,0.0,13.0,,9.0,0.0
35,Jacques,Villeneuve,108,11,23,235.0,7.046296296296297,3.879937034028198,1.7962962962962963,79.62962962962963
36,Franck,Montagny,3,0,0,0.0,16.666666666666668,1.1547005383792517,3.6666666666666665,0.0
37,Pedro,de la Rosa,56,0,1,35.0,12.339285714285714,5.177843656877343,4.107142857142857,35.714285714285715
38,Robert,Doornbos,9,0,0,0.0,14.11111111111111,2.3154073315749675,3.0,0.0
39,Narain,Karthikeyan,33,0,0,5.0,17.181818181818183,4.4613236926846165,3.0303030303030303,3.0303030303030303
40,Patrick,Friesacher,5,0,0,3.0,14.4,5.412947441089743,4.0,20.0
41,Ricardo,Zonta,19,0,0,3.0,9.894736842105264,2.8263588048171187,4.526315789473684,57.89473684210527
42,Antônio,Pizzonia,11,0,0,8.0,9.909090909090908,2.9480347845486987,2.0,72.72727272727273
43,Cristiano,da Matta,20,0,0,13.0,9.85,2.4553914898486253,1.3,55.00000000000001
44,Olivier,Panis,99,1,5,76.0,8.727272727272727,3.2570745037257036,3.6161616161616164,65.65656565656566
45,Giorgio,Pantano,6,0,0,0.0,14.666666666666666,1.632993161855452,1.8333333333333333,0.0
46,Gianmaria,Bruni,9,0,0,0.0,15.88888888888889,1.536590742882148,2.5555555555555554,0.0
47,Zsolt,Baumgartner,12,0,0,1.0,13.5,3.060005941764879,5.0,25.0
48,Marc,Gené,23,0,0,5.0,11.347826086956522,3.4981643972514536,7.478260869565218,47.82608695652174
49,Heinz-Harald,Frentzen,96,3,18,174.0,6.520833333333333,3.3086144871473637,1.7708333333333333,85.41666666666666
50,Jos,Verstappen,49,0,2,17.0,10.53061224489796,3.3917918126972757,6.387755102040816,48.97959183673469
51,Justin,Wilson,7,0,0,1.0,12.571428571428571,2.5071326821120348,4.428571428571429,14.285714285714285
52,Ralph,Firman,8,0,0,1.0,11.75,2.2519832529192065,4.625,25.0
53,Nicolas,Kiesa,5,0,0,0.0,12.8,1.9235384061671343,6.6,0.0
54,Luciano,Burti,9,0,0,0.0,10.222222222222221,1.3944333775567928,6.888888888888889,44.44444444444444
55,Jean,Alesi,119,1,32,241.0,6.2100840336134455,3.372053515016144,2.9411764705882355,89.07563025210085
56,Eddie,Irvine,85,4,26,191.0,5.988235294117647,3.382356594809864,2.2588235294117647,89.41176470588236
57,Mika,Häkkinen,103,20,51,420.0,4.466019417475728,3.5085764220582654,2.4271844660194173,93.20388349514563
58,Tarso,Marques,10,0,0,0.0,12.7,2.5841396591085743,8.7,30.0
59,Enrique,Bernoldi,9,0,0,0.0,11.444444444444445,2.1278575558006176,8.222222222222221,33.33333333333333
60,Gastón,Mazzacane,13,0,0,0.0,12.538461538461538,2.5038431998091992,8.692307692307692,23.076923076923077
61,Tomáš,Enge,2,0,0,0.0,13.0,1.4142135623730951,7.5,0.0
62,Alex,Yoong,6,0,0,0.0,12.166666666666666,3.1885210782848317,8.833333333333334,33.33333333333333
63,Mika,Salo,64,0,2,33.0,8.671875,3.034482710028238,5.828125,75.0
64,Pedro,Diniz,39,0,0,10.0,9.35897435897436,2.9333578700973533,7.641025641025641,66.66666666666666
65,Johnny,Herbert,90,3,7,98.0,7.722222222222222,3.236129529559176,5.433333333333334,77.77777777777779
66,Allan,McNish,8,0,0,0.0,10.875,3.090885217631258,5.25,50.0
67,Sébastien,Buemi,40,0,0,29.0,11.975,3.050746020574522,2.875,37.5
68,Toranosuke,Takagi,12,0,0,0.0,11.666666666666666,2.9644356609443876,6.416666666666667,33.33333333333333
69,Luca,Badoer,25,0,0,0.0,11.6,2.661453237111885,8.4,44.0
70,Alessandro,Zanardi,18,0,0,1.0,10.277777777777779,2.9266635401296446,5.722222222222222,55.55555555555556
71,Damon,Hill,77,22,42,360.0,4.48051948051948,3.9822315537449384,1.077922077922078,90.9090909090909
73,Ricardo,Rosset,12,0,0,0.0,11.0,2.132007163556104,8.25,33.33333333333333
74,Esteban,Tuero,4,0,0,0.0,12.5,3.696845502136472,7.75,25.0
75,Shinji,Nakano,18,0,0,2.0,10.5,3.485263092440714,7.555555555555555,50.0
76,Jan,Magnussen,9,0,0,1.0,9.88888888888889,2.315407331574968,6.888888888888889,66.66666666666666
77,Gerhard,Berger,124,10,48,385.0,5.096774193548387,3.4533343256709252,1.1774193548387097,90.32258064516128
78,Nicola,Larini,26,0,1,7.0,10.807692307692308,3.6771644594086976,8.538461538461538,46.15384615384615
79,Ukyo,Katayama,33,0,0,5.0,10.909090909090908,3.4763813474254044,7.2727272727272725,48.484848484848484
81,Gianni,Morbidelli,34,0,1,8.5,10.294117647058824,3.3168935061581792,5.882352941176471,52.94117647058824
82,Norberto,Fontana,3,0,0,0.0,10.666666666666666,2.886751345948129,6.0,66.66666666666666
83,Pedro,Lamy,19,0,0,1.0,10.736842105263158,2.181796030367792,7.947368421052632,47.368421052631575
84,Martin,Brundle,83,0,9,98.0,7.192771084337349,2.9855662180029636,5.566265060240964,83.13253012048193
85,Andrea,Montermini,4,0,0,0.0,9.75,1.707825127659933,12.5,75.0
86,Giovanni,Lavaggi,2,0,0,0.0,12.5,3.5355339059327378,7.5,50.0
87,Mark,Blundell,31,0,3,32.0,7.548387096774194,3.3450332303024966,5.0,80.64516129032258
88,Aguri,Suzuki,25,0,1,8.0,9.16,2.9955522584881296,6.96,68.0
89,Taki,Inoue,5,0,0,0.0,11.2,2.7748873851023217,8.2,40.0
90,Roberto,Moreno,17,0,1,15.0,9.764705882352942,4.956427793339497,5.705882352941177,58.82352941176471
91,Karl,Wendlinger,18,0,0,14.0,9.555555555555555,4.642796092394707,3.9444444444444446,61.111111111111114
92,Bertrand,Gachot,15,0,0,5.0,10.066666666666666,3.673586543861203,6.866666666666666,53.333333333333336
93,Domenico,Schiattarella,3,0,0,0.0,14.333333333333334,5.033222956847166,8.333333333333334,33.33333333333333
94,Pierluigi,Martini,55,0,0,18.0,9.309090909090909,3.0784359140264193,6.4,67.27272727272727
95,Nigel,Mansell,98,31,59,482.0,3.9081632653061225,3.6157922081692226,1.7346938775510203,91.83673469387756
96,Jean-Christophe,Boullion,7,0,0,3.0,8.714285714285714,2.563479777846623,7.0,71.42857142857143
97,Massimiliano,Papis,2,0,0,0.0,9.5,3.5355339059327378,6.5,50.0
98,Jean-Denis,Délétraz,1,0,0,0.0,15.0,,9.0,0.0
99,Gabriele,Tarquini,13,0,0,1.0,10.692307692307692,2.926448797451027,10.846153846153847,38.46153846153847
100,Érik,Comas,32,0,0,7.0,9.28125,2.7384287347827536,9.0,75.0
101,David,Brabham,7,0,0,0.0,12.714285714285714,1.9760470401187071,11.857142857142858,14.285714285714285
102,Ayrton,Senna,108,41,80,614.0,3.1481481481481484,3.353934263408806,-0.2962962962962963,96.29629629629629
103,Éric,Bernard,22,0,1,10.0,9.227272727272727,3.379656479892286,7.909090909090909,72.72727272727273
104,Christian,Fittipaldi,26,0,0,12.0,8.961538461538462,3.2184563906415664,9.307692307692308,69.23076923076923
105,Michele,Alboreto,102,5,23,186.5,7.509803921568627,4.449374409334408,4.9411764705882355,72.54901960784314
106,Olivier,Beretta,4,0,0,0.0,9.5,3.1091263510296048,13.25,75.0
107,Roland,Ratzenberger,1,0,0,0.0,11.0,,15.0,0.0
108,Paul,Belmondo,5,0,0,0.0,12.2,1.9235384061671343,9.0,20.0
109,Jyrki,Järvilehto,28,0,1,10.0,8.678571428571429,2.4952335514317046,7.214285714285714,75.0
110,Andrea,de Cesaris,71,0,5,59.0,8.338028169014084,3.342127902023034,5.704225352112676,73.23943661971832
111,Jean-Marc,Gounon,4,0,0,0.0,12.75,3.304037933599835,13.0,25.0
112,Philippe,Alliot,44,0,0,7.0,10.295454545454545,2.961611326465481,7.7727272727272725,59.09090909090909
113,Philippe,Adams,1,0,0,0.0,16.0,,9.0,0.0
114,Yannick,Dalmas,15,0,0,0.0,11.2,3.8766701469910267,10.133333333333333,46.666666666666664
116,Franck,Lagorce,1,0,0,0.0,11.0,,9.0,0.0
117,Alain,Prost,143,51,106,798.5,2.9510489510489513,2.595577689039656,0.951048951048951,96.5034965034965
118,Derek,Warwick,67,0,4,71.0,7.686567164179104,3.4824623612744685,4.223880597014926,82.08955223880598
119,Riccardo,Patrese,126,6,37,281.0,6.436507936507937,3.8356142282477403,2.1587301587301586,85.71428571428571
120,Fabrizio,Barbazza,3,0,0,2.0,7.666666666666667,2.8867513459481287,15.666666666666666,66.66666666666666
121,Michael,Andretti,6,0,1,7.0,7.333333333333333,3.777124126457412,3.8333333333333335,83.33333333333334
122,Ivan,Capelli,29,0,3,31.0,8.137931034482758,3.805298354466107,6.068965517241379,75.86206896551724
123,Thierry,Boutsen,97,3,15,132.0,7.412371134020619,3.604836384751011,4.855670103092783,81.44329896907216
125,Emanuele,Naspetti,3,0,0,0.0,12.0,1.0,11.333333333333334,0.0
126,Toshio,Suzuki,2,0,0,0.0,13.0,1.4142135623730951,10.5,0.0
127,Maurício,Gugelmin,31,0,1,10.0,9.193548387096774,3.3408517360967465,6.032258064516129,67.74193548387096
128,Eric,van de Poele,3,0,0,0.0,10.666666666666666,2.0816659994661326,10.0,66.66666666666666
129,Olivier,Grouillard,14,0,0,1.0,11.142857142857142,3.570329501215924,9.642857142857142,42.857142857142854
131,Stefano,Modena,30,0,2,17.0,10.133333333333333,3.8750602516635775,3.9,43.333333333333336
133,Alex,Caffi,26,0,0,6.0,9.384615384615385,2.8153425806025534,8.5,69.23076923076923
136,Jan,Lammers,12,0,0,0.0,12.166666666666666,2.367712103711219,9.083333333333334,25.0
137,Nelson,Piquet,122,23,60,485.5,4.139344262295082,2.9382503754673035,1.8852459016393444,94.26229508196722
138,Satoru,Nakajima,35,0,0,16.0,8.514285714285714,3.023159902869732,5.914285714285715,77.14285714285715
139,Emanuele,Pirro,17,0,0,3.0,9.705882352941176,2.640187159141207,6.705882352941177,70.58823529411765
140,Stefan,Johansson,44,0,12,88.0,6.090909090909091,3.248027536100067,6.590909090909091,86.36363636363636
141,Julian,Bailey,5,0,0,1.0,11.4,3.9749213828703582,13.4,40.0
145,Alessandro,Nannini,31,1,9,65.0,6.838709677419355,4.5614089504124955,3.6451612903225805,77.41935483870968
146,Bernd,Schneider,3,0,0,0.0,12.333333333333334,0.5773502691896255,10.0,0.0
147,Paolo,Barilla,4,0,0,0.0,13.0,1.8257418583505538,9.25,0.0
148,Gregor,Foitek,2,0,0,0.0,11.0,5.656854249492381,10.5,50.0
151,Martin,Donnelly,6,0,0,0.0,9.833333333333334,2.401388487243717,5.833333333333333,50.0
152,Bruno,Giacomelli,28,0,1,14.0,9.428571428571429,3.635509760258005,5.107142857142857,64.28571428571429
153,Jaime,Alguersuari,36,0,0,31.0,12.083333333333334,3.027257127216932,3.25,27.77777777777778
154,Romain,Grosjean,134,0,10,391.0,11.067164179104477,4.505965571577422,0.7835820895522388,44.02985074626866
155,Kamui,Kobayashi,53,0,1,125.0,10.849056603773585,3.874950254842458,3.188679245283019,52.83018867924528
156,Jonathan,Palmer,45,0,0,14.0,9.422222222222222,2.8081770930371515,10.822222222222223,66.66666666666666
157,Christian,Danner,15,0,0,4.0,8.8,2.4842360136324753,11.0,73.33333333333333
158,Eddie,Cheever,55,0,9,70.0,7.545454545454546,3.8045692889928397,5.581818181818182,78.18181818181819
159,Luis,Pérez-Sala,11,0,0,1.0,11.0,2.8635642126552705,8.545454545454545,36.36363636363637
160,Piercarlo,Ghinzani,20,0,0,2.0,10.7,2.992974229231202,11.15,40.0
163,René,Arnoux,82,7,22,181.0,6.890243902439025,4.346152257566457,2.6951219512195124,82.92682926829268
165,Oscar,Larrauri,2,0,0,0.0,14.5,2.1213203435596424,11.5,0.0
166,Philippe,Streiff,30,0,1,11.0,8.866666666666667,2.4315928273789837,9.466666666666667,70.0
167,Adrián,Campos,2,0,0,0.0,15.0,1.4142135623730951,8.0,0.0
168,Jean-Louis,Schlesser,1,0,0,0.0,11.0,,11.0,0.0
169,Pascal,Fabre,8,0,0,0.0,11.375,1.7677669529663687,13.375,37.5
170,Teo,Fabi,18,0,2,23.0,6.944444444444445,3.114901985470003,3.5555555555555554,88.88888888888889
172,Jacques,Laffite,94,6,33,228.0,5.8936170212765955,3.635157138507584,4.5,85.1063829787234
173,Elio,de Angelis,59,2,9,122.0,5.796610169491525,3.0669521038778886,4.0508474576271185,91.52542372881356
174,Johnny,Dumfries,6,0,0,3.0,7.166666666666667,1.6020819787597222,4.833333333333333,100.0
175,Patrick,Tambay,57,2,11,103.0,6.228070175438597,3.0238193909810787,4.385964912280702,91.22807017543859
176,Marc,Surer,51,0,0,17.0,8.96078431372549,2.9186351900415746,8.294117647058824,72.54901960784314
177,Keke,Rosberg,59,5,17,159.5,5.8474576271186445,3.8721532783587764,3.4915254237288136,88.13559322033898
178,Alan,Jones,68,12,24,206.0,6.235294117647059,4.5715461542635545,3.985294117647059,79.41176470588235
179,Huub,Rothengatter,6,0,0,0.0,8.833333333333334,1.7224014243685084,15.5,83.33333333333334
180,Allen,Berg,3,0,0,0.0,13.666666666666666,2.081665999466133,12.666666666666666,0.0
181,Manfred,Winkelhock,13,0,0,2.0,10.076923076923077,2.4651415936864716,5.230769230769231,53.84615384615385
182,Niki,Lauda,91,25,54,420.5,4.252747252747253,4.054060808055182,3.1868131868131866,89.01098901098901
183,François,Hesnault,5,0,0,0.0,8.6,1.3416407864998738,10.2,100.0
184,Mauro,Baldi,17,0,0,5.0,8.882352941176471,2.642970699354622,11.0,76.47058823529412
185,Stefan,Bellof,7,0,0,4.0,8.571428571428571,3.2071349029490928,13.714285714285714,57.14285714285714
186,Kenny,Acheson,1,0,0,0.0,12.0,,12.0,0.0
187,John,Watson,90,5,20,169.0,6.6,3.5021662638038533,5.8,83.33333333333334
188,Johnny,Cecotto,7,0,0,1.0,10.142857142857142,2.1157009420498154,10.714285714285714,42.857142857142854
189,Jo,Gartner,3,0,0,0.0,11.0,5.5677643628300215,12.666666666666666,33.33333333333333
190,Corrado,Fabi,3,0,0,0.0,9.333333333333334,2.0816659994661326,11.333333333333334,66.66666666666666
192,Chico,Serra,11,0,0,1.0,9.454545454545455,3.1737560197228887,12.545454545454545,54.54545454545454
193,Danny,Sullivan,7,0,0,2.0,9.714285714285714,3.1997023671109224,9.714285714285714,57.14285714285714
194,Eliseo,Salazar,8,0,0,3.0,10.375,3.6228441865473595,11.5,50.0
195,Roberto,Guerrero,5,0,0,0.0,12.2,2.8635642126552705,8.6,20.0
196,Raul,Boesel,10,0,0,0.0,10.9,2.884826203122507,13.0,60.0
197,Jean-Pierre,Jarier,63,0,3,31.5,9.126984126984127,3.46639193050541,6.365079365079365,68.25396825396825
199,Carlos,Reutemann,97,12,45,310.0,5.216494845360825,3.8112410602379883,0.9381443298969072,88.65979381443299
200,Jochen,Mass,64,1,8,71.0,7.71875,3.789998324747295,6.828125,75.0
201,Slim,Borgudd,6,0,0,1.0,10.333333333333334,3.7237973450050514,12.333333333333334,66.66666666666666
202,Didier,Pironi,44,3,13,101.0,6.159090909090909,3.83947175277805,3.659090909090909,90.9090909090909
203,Gilles,Villeneuve,39,6,13,107.0,5.948717948717949,3.926621139892199,1.4615384615384615,87.17948717948718
205,Brian,Henton,10,0,0,0.0,9.7,2.540778533354601,9.6,80.0
206,Derek,Daly,26,0,0,15.0,8.538461538461538,3.2524546942980677,7.6923076923076925,73.07692307692307
207,Mario,Andretti,62,12,19,180.0,5.709677419354839,3.7955413738313224,2.032258064516129,88.70967741935483
208,Emilio,de Villota,2,0,0,0.0,15.0,2.8284271247461903,9.5,0.0
209,Geoff,Lees,3,0,0,0.0,10.666666666666666,3.214550253664318,10.666666666666666,33.33333333333333
211,Rupert,Keegan,12,0,0,0.0,10.666666666666666,2.2292817160908505,9.583333333333334,41.66666666666667
212,Hector,Rebaque,15,0,0,13.0,7.733333333333333,2.8900486072695997,10.0,80.0
216,Siegfried,Stohr,3,0,0,0.0,9.333333333333334,2.5166114784235836,12.666666666666666,66.66666666666666
217,Ricardo,Zunino,6,0,0,0.0,9.666666666666666,2.804757862395017,9.666666666666666,66.66666666666666
219,Jean-Pierre,Jabouille,10,2,2,21.0,8.7,4.877385456255112,1.0,60.0
221,Patrick,Depailler,54,2,19,141.0,5.5,3.300943261417006,3.074074074074074,88.88888888888889
222,Jody,Scheckter,77,10,33,255.0,5.194805194805195,3.734754839551267,2.857142857142857,88.31168831168831
223,Clay,Regazzoni,83,5,28,212.0,6.0,3.9447402461703476,2.0963855421686746,85.54216867469879
224,Emerson,Fittipaldi,94,14,35,281.0,6.0212765957446805,4.367471952515036,4.648936170212766,80.85106382978722
229,Harald,Ertl,11,0,0,0.0,10.909090909090908,3.477198454346414,10.363636363636363,54.54545454545454
230,Vittorio,Brambilla,37,1,1,15.5,9.405405405405405,3.989287456979557,4.675675675675675,67.56756756756756
231,James,Hunt,46,10,23,179.0,4.195652173913044,2.933481550932583,1.7608695652173914,97.82608695652173
232,Arturo,Merzario,16,0,0,11.0,9.1875,4.069705149024927,5.5625,62.5
233,Hans-Joachim,Stuck,26,0,2,29.0,7.538461538461538,3.591442821271354,5.884615384615385,73.07692307692307
235,Jacky,Ickx,66,8,25,181.0,5.893939393939394,3.938483846819104,3.4393939393939394,84.84848484848484
236,Patrick,Gaillard,1,0,0,0.0,13.0,,10.0,0.0
237,Alex,Ribeiro,6,0,0,0.0,11.0,2.6832815729997477,11.5,33.33333333333333
238,Ronnie,Peterson,71,10,26,206.0,6.070422535211268,4.310531765876196,2.1549295774647885,84.50704225352112
239,Brett,Lunger,23,0,0,0.0,11.434782608695652,2.427608006332791,9.869565217391305,39.130434782608695
240,Danny,Ongais,1,0,0,0.0,7.0,,15.0,100.0
243,Rolf,Stommelen,34,0,1,14.0,10.323529411764707,3.6241662634555465,7.147058823529412,44.11764705882353
246,Hans,Binder,6,0,0,0.0,10.333333333333334,1.505545305418162,9.666666666666666,33.33333333333333
249,Bobby,Rahal,1,0,0,0.0,12.0,,8.0,0.0
250,Carlos,Pace,37,1,6,58.0,7.675675675675675,4.39098858809503,2.945945945945946,78.37837837837837
251,Ian,Scheckter,4,0,0,0.0,11.5,1.2909944487358056,9.25,25.0
252,Tom,Pryce,22,0,2,19.0,7.136363636363637,2.531618239208058,6.454545454545454,90.9090909090909
253,Ingo,Hoffmann,2,0,0,0.0,9.0,2.8284271247461903,10.5,50.0
254,Renzo,Zorzi,3,0,0,1.0,9.666666666666666,4.041451884327381,9.333333333333334,66.66666666666666
255,Gunnar,Nilsson,14,1,4,31.0,7.071428571428571,5.090931389989697,2.642857142857143,71.42857142857143
256,Larry,Perkins,5,0,0,0.0,13.0,3.391164991562634,8.6,20.0
258,Patrick,Nève,8,0,0,0.0,12.375,4.172614801981401,11.125,50.0
259,David,Purley,4,0,0,0.0,12.75,2.6299556396765835,8.5,25.0
262,Jackie,Oliver,16,0,2,13.0,7.5625,3.2035136959282693,8.625,81.25
265,Guy,Edwards,8,0,0,0.0,13.125,4.454131308603926,9.75,25.0
267,Vern,Schuppan,4,0,0,0.0,12.5,4.041451884327381,7.75,25.0
269,Teddy,Pilette,1,0,0,0.0,17.0,,10.0,0.0
270,Ian,Ashley,2,0,0,0.0,15.5,2.1213203435596424,5.5,0.0
271,Loris,Kessel,1,0,0,0.0,12.0,,11.0,0.0
272,Kunimitsu,Takahashi,1,0,0,0.0,9.0,,13.0,100.0
273,Kazuyoshi,Hoshino,1,0,0,0.0,11.0,,0.0,0.0
274,Noritake,Takahara,1,0,0,0.0,9.0,,15.0,100.0
275,Lella,Lombardi,7,0,0,0.5,12.571428571428571,4.613644360558612,11.0,28.57142857142857
276,Bob,Evans,5,0,0,0.0,12.8,3.3466401061363023,10.2,40.0
277,Michel,Leclère,5,0,0,0.0,11.6,1.3416407864998738,10.4,20.0
278,Chris,Amon,51,0,11,83.0,6.901960784313726,3.7108214829645707,2.019607843137255,82.35294117647058
280,Henri,Pescarolo,31,0,1,12.0,9.838709677419354,3.9080837093862115,6.806451612903226,61.29032258064516
282,Damien,Magee,1,0,0,0.0,14.0,,8.0,0.0
284,Alessandro,Pesenti-Rossi,3,0,0,0.0,14.333333333333334,3.511884584284246,9.0,0.0
286,Warwick,Brown,1,0,0,0.0,14.0,,9.0,0.0
287,Masahiro,Hasemi,1,0,0,0.0,11.0,,-1.0,0.0
288,Mark,Donohue,8,0,1,8.0,7.375,3.0676887530703447,9.625,75.0
289,Graham,Hill,102,14,36,289.0,6.009803921568627,4.1422601044663745,3.823529411764706,84.31372549019608
290,Wilson,Fittipaldi,17,0,0,3.0,10.823529411764707,3.860623235269908,7.352941176470588,47.05882352941176
291,Guy,Tunmer,1,0,0,0.0,11.0,,14.0,0.0
292,Eddie,Keizan,2,0,0,0.0,13.5,0.7071067811865476,9.5,0.0
293,Dave,Charlton,3,0,0,0.0,15.0,3.605551275463989,2.6666666666666665,0.0
294,Tony,Brise,6,0,0,1.0,9.5,4.277849927241488,4.333333333333333,66.66666666666666
296,François,Migault,4,0,0,0.0,15.25,0.957427107756338,8.5,0.0
297,Torsten,Palm,1,0,0,0.0,10.0,,11.0,100.0
298,Gijs,van Lennep,7,0,0,2.0,9.714285714285714,3.5923198500080566,13.428571428571429,71.42857142857143
300,John,Nicholson,1,0,0,0.0,17.0,,9.0,0.0
301,Dave,Morgan,1,0,0,0.0,18.0,,5.0,0.0
302,Jim,Crawford,1,0,0,0.0,13.0,,12.0,0.0
304,Denny,Hulme,78,8,33,248.0,4.794871794871795,3.176042519747821,2.128205128205128,92.3076923076923
305,Mike,Hailwood,27,0,2,29.0,7.925925925925926,3.9313916690963846,4.666666666666667,81.48148148148148
306,Jean-Pierre,Beltoise,49,1,8,77.0,6.673469387755102,3.15824156706202,5.081632653061225,87.75510204081633
307,Howden,Ganley,21,0,0,10.0,8.476190476190476,2.600366274566866,6.619047619047619,80.95238095238095
308,Richard,Robarts,2,0,0,0.0,16.0,1.4142135623730951,7.5,0.0
309,Peter,Revson,21,2,8,61.0,5.761904761904762,4.493381376032551,1.619047619047619,85.71428571428571
311,Tom,Belsø,1,0,0,0.0,8.0,,13.0,100.0
312,Brian,Redman,7,0,1,8.0,7.714285714285714,4.923220007078217,8.142857142857142,85.71428571428571
313,Rikky,von Opel,4,0,0,0.0,11.5,3.0,10.75,50.0
314,Tim,Schenken,16,0,1,7.0,10.125,3.7394295465128544,4.5,56.25
317,Reine,Wisell,8,0,1,13.0,6.5,3.2071349029490928,5.75,87.5
320,Peter,Gethin,11,1,1,11.0,9.090909090909092,3.8847019307675446,6.454545454545454,72.72727272727273
321,Derek,Bell,2,0,0,1.0,8.5,3.5355339059327378,10.5,50.0
322,David,Hobbs,6,0,0,0.0,8.833333333333334,1.1690451944500122,9.5,100.0
323,Dieter,Quester,1,0,0,0.0,9.0,,16.0,100.0
324,Helmuth,Koinigg,1,0,0,0.0,10.0,,12.0,100.0
327,François,Cevert,29,1,13,89.0,5.0344827586206895,3.212506349306562,2.1379310344827585,96.55172413793103
328,Jackie,Stewart,63,27,43,360.0,2.9523809523809526,2.592971712947804,1.0158730158730158,96.82539682539682
329,Mike,Beuttler,13,0,0,0.0,11.461538461538462,3.356967496004507,10.692307692307692,46.15384615384615
330,Nanni,Galli,7,0,0,0.0,12.0,2.1602468994692874,7.142857142857143,14.285714285714285
331,Luiz,Bueno,1,0,0,0.0,12.0,,8.0,0.0
332,George,Follmer,7,0,1,5.0,10.571428571428571,4.894116973712515,8.0,57.14285714285714
333,Andrea,de Adamich,12,0,0,6.0,9.583333333333334,3.7040109300185615,8.25,50.0
337,Helmut,Marko,7,0,0,0.0,11.142857142857142,2.0354009783964297,8.0,42.857142857142854
338,David,Walker,5,0,0,0.0,13.0,3.605551275463989,5.2,40.0
340,John,Love,6,0,1,6.0,8.666666666666666,4.457203906785808,7.166666666666667,83.33333333333334
341,John,Surtees,54,6,24,180.0,4.7592592592592595,3.2675372133994713,2.537037037037037,92.5925925925926
342,Skip,Barber,1,0,0,0.0,16.0,,4.0,0.0
344,Sam,Posey,1,0,0,0.0,12.0,,10.0,0.0
345,Pedro,Rodríguez,29,2,7,71.0,5.310344827586207,2.620025194478945,5.310344827586207,96.55172413793103
346,Jo,Siffert,52,2,6,68.0,7.134615384615385,3.0294556953279166,3.3846153846153846,86.53846153846155
347,Jo,Bonnier,50,1,1,39.0,7.32,2.5749182669810424,4.52,88.0
348,François,Mazet,1,0,0,0.0,13.0,,10.0,0.0
350,Vic,Elford,8,0,0,8.0,7.0,2.5071326821120348,8.0,87.5
351,Silvio,Moser,4,0,0,3.0,7.25,2.6299556396765835,5.25,75.0
352,George,Eaton,4,0,0,0.0,12.0,2.1602468994692865,6.0,25.0
353,Pete,Lovely,3,0,0,0.0,9.0,2.0,8.333333333333334,66.66666666666666
355,John,Cannon,1,0,0,0.0,14.0,,10.0,0.0
356,Jack,Brabham,73,14,31,261.0,4.63013698630137,3.3479133190817882,1.6986301369863013,91.78082191780823
357,John,Miles,4,0,0,2.0,7.5,2.0816659994661326,6.0,100.0
358,Jochen,Rindt,25,6,13,109.0,4.2,3.6514837167011076,1.56,88.0
359,Johnny,Servoz-Gavin,4,0,1,9.0,5.25,2.5,8.75,100.0
360,Bruce,McLaren,63,4,27,196.5,4.682539682539683,2.944789804785333,4.126984126984127,92.06349206349206
361,Piers,Courage,9,0,2,20.0,5.555555555555555,2.7436796055257213,5.111111111111111,100.0
362,Peter,de Klerk,2,0,0,0.0,10.5,0.7071067811865476,8.5,50.0
363,Ignazio,Giunti,3,0,0,3.0,8.333333333333334,5.131601439446884,-0.3333333333333333,66.66666666666666
364,Dan,Gurney,44,4,19,133.0,5.295454545454546,3.5606345492390354,0.8409090909090909,93.18181818181817
365,Hubert,Hahne,1,0,0,0.0,10.0,,8.0,100.0
368,Sam,Tingle,2,0,0,0.0,10.5,3.5355339059327378,8.0,50.0
370,Richard,Attwood,12,0,1,11.0,8.75,4.002839900961226,5.25,66.66666666666666
373,Jim,Clark,50,25,32,274.0,3.84,4.152009594578195,-0.14,92.0
374,Mike,Spence,20,0,1,27.0,6.4,2.5214866124653734,3.6,90.0
375,Ludovico,Scarfiotti,6,1,1,17.0,5.0,2.6832815729997477,6.833333333333333,100.0
376,Lucien,Bianchi,6,0,1,6.0,8.666666666666666,4.718756898449704,8.166666666666666,66.66666666666666
379,Kurt,Ahrens,1,0,0,0.0,12.0,,5.0,0.0
380,Frank,Gardner,3,0,0,0.0,10.333333333333334,2.0816659994661326,2.6666666666666665,33.33333333333333
382,Moisés,Solana,3,0,0,0.0,11.0,1.0,3.0,33.33333333333333
383,Bob,Anderson,15,0,1,8.0,8.2,2.7307769694983985,5.333333333333333,73.33333333333333
385,Lorenzo,Bandini,28,1,8,58.0,6.142857142857143,3.363356851743406,2.607142857142857,92.85714285714286
386,Richie,Ginther,39,1,14,107.0,5.282051282051282,3.4178226213461045,1.6666666666666667,89.74358974358975
387,Mike,Parkes,3,0,2,14.0,3.0,1.7320508075688772,1.6666666666666667,100.0
388,Chris,Irwin,5,0,0,2.0,7.0,1.4142135623730951,5.4,100.0
389,Guy,Ligier,6,0,0,1.0,9.666666666666666,1.0327955589886446,8.333333333333334,83.33333333333334
390,Alan,Rees,2,0,0,0.0,8.0,1.4142135623730951,9.5,100.0
392,Mike,Fisher,1,0,0,0.0,11.0,,6.0,0.0
394,Giancarlo,Baghetti,10,1,1,14.0,8.0,4.055175020198813,8.4,80.0
395,Jonathan,Williams,1,0,0,0.0,8.0,,8.0,100.0
396,Bob,Bondurant,4,0,0,3.0,7.25,2.362907813126304,8.25,100.0
397,Peter,Arundell,8,0,2,12.0,6.0,2.3904572186687876,4.75,100.0
399,John,Taylor,4,0,0,1.0,9.0,3.4641016151377544,8.0,75.0
400,Chris,Lawrence,1,0,0,0.0,11.0,,8.0,0.0
401,Trevor,Taylor,12,0,1,8.0,8.416666666666666,3.2039275140289174,2.8333333333333335,75.0
402,Giacomo,Russo,1,0,0,0.0,9.0,,11.0,100.0
403,Phil,Hill,33,3,16,98.0,5.151515151515151,3.279874350882326,1.9696969696969697,90.9090909090909
404,Innes,Ireland,26,1,4,47.0,6.884615384615385,3.723728487168988,2.3461538461538463,88.46153846153845
405,Ronnie,Bucknum,4,0,0,2.0,9.75,3.947573094109004,4.5,50.0
406,Paul,Hawkins,2,0,0,0.0,9.5,0.7071067811865476,5.5,100.0
407,David,Prophet,1,0,0,0.0,14.0,,5.0,0.0
408,Tony,Maggs,18,0,3,26.0,6.666666666666667,3.067859955389482,6.444444444444445,83.33333333333334
409,Trevor,Blokdyk,1,0,0,0.0,12.0,,7.0,0.0
410,Neville,Lederle,1,0,0,1.0,6.0,,4.0,100.0
411,Doug,Serrurier,1,0,0,0.0,11.0,,7.0,0.0
412,Brausch,Niemann,1,0,0,0.0,14.0,,1.0,0.0
413,Ernie,Pieterse,1,0,0,0.0,10.0,,3.0,100.0
418,Masten,Gregory,22,0,3,21.0,8.0,3.6253078686998634,4.2727272727272725,63.63636363636363
420,Ian,Raby,1,0,0,0.0,11.0,,9.0,0.0
423,Gerhard,Mitter,2,0,0,3.0,6.5,3.5355339059327378,10.5,100.0
424,Roberto,Bussinello,1,0,0,0.0,13.0,,8.0,0.0
425,Nino,Vaccarella,3,0,0,0.0,12.0,3.0,2.6666666666666665,33.33333333333333
427,Maurice,Trintignant,44,2,10,72.33,6.136363636363637,3.1812744929630283,4.340909090909091,88.63636363636364
428,Bernard,Collomb,1,0,0,0.0,10.0,,11.0,100.0
429,André,Pilette,7,0,0,2.0,7.714285714285714,2.563479777846623,6.0,71.42857142857143
430,Carel Godin,de Beaufort,23,0,0,4.0,10.08695652173913,3.013802241781827,6.869565217391305,60.86956521739131
431,Edgar,Barth,3,0,0,0.0,8.333333333333334,3.214550253664318,4.0,66.66666666666666
432,Mário de Araújo,Cabral,1,0,0,0.0,10.0,,4.0,100.0
433,Walt,Hansgen,1,0,0,2.0,5.0,,12.0,100.0
434,Hap,Sharp,4,0,0,0.0,10.25,2.5,6.5,50.0
435,Willy,Mairesse,3,0,1,7.0,4.666666666666667,2.081665999466133,1.0,100.0
436,John,Campbell-Jones,2,0,0,0.0,12.0,1.4142135623730951,9.0,0.0
437,Ian,Burgess,9,0,0,0.0,11.11111111111111,2.9767618499152917,7.666666666666667,33.33333333333333
438,Tony,Settember,2,0,0,0.0,9.5,2.1213203435596424,9.5,50.0
439,Nasif,Estéfano,1,0,0,0.0,14.0,,6.0,0.0
440,Jim,Hall,8,0,0,3.0,7.875,1.9594095320493148,7.75,87.5
441,Tim,Parnell,1,0,0,0.0,10.0,,17.0,100.0
448,Peter,Broeker,1,0,0,0.0,7.0,,14.0,100.0
449,Rodger,Ward,4,1,2,14.0,6.75,6.898067362191626,1.75,75.0
453,Jackie,Lewis,5,0,0,3.0,8.0,2.345207879911715,5.8,100.0
454,Ricardo,Rodríguez,3,0,0,4.0,8.0,5.291502622129181,1.3333333333333333,66.66666666666666
455,Wolfgang,Seidel,3,0,0,0.0,14.0,4.358898943540674,7.333333333333333,33.33333333333333
456,Roy,Salvadori,19,0,2,19.0,6.7894736842105265,2.485042976789582,5.315789473684211,89.47368421052632
459,Tony,Marsh,3,0,0,0.0,12.666666666666666,4.041451884327381,6.0,33.33333333333333
460,Gerry,Ashmore,1,0,0,0.0,16.0,,9.0,0.0
462,Colin,Davis,1,0,0,0.0,11.0,,7.0,0.0
463,Jay,Chamberlain,1,0,0,0.0,15.0,,5.0,0.0
465,Keith,Greene,1,0,0,0.0,15.0,,11.0,0.0
466,Heini,Walter,1,0,0,0.0,14.0,,0.0,0.0
468,Roger,Penske,2,0,0,0.0,8.5,0.7071067811865476,6.0,100.0
469,Rob,Schroeder,1,0,0,0.0,10.0,,7.0,100.0
471,Bruce,Johnstone,1,0,0,0.0,9.0,,8.0,100.0
475,Stirling,Moss,37,16,24,181.5,3.4594594594594597,3.236893182895827,1.3783783783783783,97.2972972972973
476,Wolfgang,von Trips,19,2,6,56.0,4.7368421052631575,2.621325052190164,3.0,94.73684210526315
477,Cliff,Allison,10,0,1,11.0,6.7,2.6267851073127395,7.0,100.0
478,Hans,Herrmann,9,0,1,9.0,8.0,4.153311931459037,3.5555555555555554,77.77777777777779
479,Tony,Brooks,22,6,10,75.0,5.045454545454546,3.921579768255121,0.5909090909090909,90.9090909090909
480,Michael,May,1,0,0,0.0,11.0,,11.0,0.0
481,Henry,Taylor,7,0,0,3.0,9.285714285714286,3.251373336211726,8.571428571428571,57.14285714285714
482,Olivier,Gendebien,11,0,2,18.0,6.2727272727272725,3.2277208395680406,2.727272727272727,81.81818181818183
483,Giorgio,Scarlatti,5,0,0,1.0,8.2,2.8635642126552705,5.4,80.0
484,Brian,Naylor,2,0,0,0.0,13.0,0.0,4.5,0.0
486,Jack,Fairman,3,0,0,5.0,5.666666666666667,2.081665999466133,10.333333333333334,100.0
489,Renato,Pirocchi,1,0,0,0.0,12.0,,17.0,0.0
493,Peter,Ryan,1,0,0,0.0,9.0,,4.0,100.0
494,Lloyd,Ruby,1,0,0,0.0,7.0,,5.0,100.0
496,Carlos,Menditeguy,4,0,1,9.0,4.75,1.7078251276599332,5.75,100.0
497,Alberto Rodriguez,Larreta,1,0,0,0.0,9.0,,6.0,100.0
498,José Froilán,González,19,2,15,76.64,3.0,1.972026594366539,2.0526315789473686,100.0
499,Roberto,Bonomi,1,0,0,0.0,11.0,,6.0,0.0
500,Gino,Munaron,2,0,0,0.0,14.0,1.4142135623730951,8.0,0.0
501,Harry,Schell,31,0,2,32.0,6.741935483870968,2.977333728192434,3.5483870967741935,90.32258064516128
502,Alan,Stacey,1,0,0,0.0,8.0,,4.0,100.0
505,Chris,Bristow,1,0,0,0.0,10.0,,6.0,100.0
506,Bruce,Halford,2,0,0,0.0,9.5,2.1213203435596424,6.0,50.0
507,Chuck,Daigh,1,0,0,0.0,10.0,,8.0,100.0
509,Jim,Rathmann,9,1,4,29.0,8.0,7.968688725254614,10.666666666666666,66.66666666666666
510,Paul,Goldsmith,2,0,1,6.0,4.0,1.4142135623730951,17.0,100.0
511,Don,Branson,1,0,0,3.0,4.0,,4.0,100.0
512,Johnny,Thomson,4,0,1,10.0,6.0,4.08248290463863,9.5,75.0
513,Eddie,Johnson,7,0,0,1.0,10.571428571428571,4.035556254807296,11.428571428571429,57.14285714285714
514,Bob,Veith,4,0,0,0.0,9.0,2.1602468994692865,8.75,75.0
515,Bud,Tingelstad,1,0,0,0.0,9.0,,19.0,100.0
516,Bob,Christie,3,0,0,0.0,12.0,1.7320508075688772,12.0,33.33333333333333
517,Red,Amick,1,0,0,0.0,11.0,,11.0,0.0
518,Duane,Carter,9,0,1,6.5,8.444444444444445,4.275251779460221,3.5555555555555554,55.55555555555556
519,Bill,Homeier,2,0,0,1.0,9.0,5.656854249492381,10.0,50.0
520,Gene,Hartley,7,0,0,0.0,13.428571428571429,4.859943170351647,4.142857142857143,28.57142857142857
521,Chuck,Stevenson,4,0,0,0.0,13.5,3.872983346207417,-5.75,25.0
522,Bobby,Grim,1,0,0,0.0,16.0,,5.0,0.0
523,Shorty,Templeman,1,0,0,0.0,17.0,,2.0,0.0
524,Jim,Hurtubise,1,0,0,0.0,18.0,,5.0,0.0
525,Jimmy,Bryan,7,1,3,18.0,9.142857142857142,7.988086367179802,6.0,57.14285714285714
526,Troy,Ruttman,5,1,1,9.5,10.0,7.778174593052023,3.2,60.0
527,Eddie,Sachs,1,0,0,0.0,21.0,,-20.0,0.0
528,Don,Freeland,5,0,1,4.0,11.2,7.9498427657407165,4.2,60.0
529,Tony,Bettenhausen,8,0,1,11.0,9.625,7.36667205343479,1.5,62.5
530,Wayne,Weiler,1,0,0,0.0,24.0,,-9.0,0.0
531,Anthony,Foyt,2,0,0,0.0,17.5,10.606601717798213,-1.0,50.0
532,Eddie,Russo,1,0,0,0.0,26.0,,3.0,0.0
533,Johnny,Boyd,4,0,1,4.0,10.5,11.090536506409418,-1.25,75.0
534,Gene,Force,1,0,0,0.0,28.0,,-8.0,0.0
535,Jim,McWithey,2,0,0,0.0,22.5,9.192388155425117,10.0,0.0
536,Len,Sutton,1,0,0,0.0,30.0,,-25.0,0.0
537,Dick,Rathmann,2,0,0,2.0,18.0,18.384776310850235,-14.0,50.0
538,Al,Herman,3,0,0,0.0,17.333333333333332,13.051181300301261,5.666666666666667,33.33333333333333
539,Dempsey,Wilson,1,0,0,0.0,33.0,,0.0,0.0
541,Ron,Flockhart,5,0,1,5.0,7.0,3.6742346141747673,8.8,80.0
542,David,Piper,1,0,0,0.0,12.0,,12.0,0.0
543,Giulio,Cabianca,2,0,0,3.0,9.5,7.7781745930520225,3.0,50.0
544,Piero,Drogo,1,0,0,0.0,8.0,,7.0,100.0
545,Fred,Gamble,1,0,0,0.0,10.0,,4.0,100.0
547,Horace,Gould,5,0,0,2.0,9.4,3.6469165057620936,6.2,80.0
548,Bob,Drake,1,0,0,0.0,13.0,,9.0,0.0
549,Ivor,Bueb,3,0,0,0.0,10.666666666666666,2.516611478423583,7.0,33.33333333333333
551,Maria,de Filippis,1,0,0,0.0,10.0,,9.0,100.0
554,Jean,Behra,25,0,9,51.0,4.92,2.1587033144922905,2.36,100.0
555,Paul,Russo,6,0,1,7.5,6.0,3.03315017762062,9.333333333333334,100.0
556,Jimmy,Daywalt,3,0,0,0.0,9.666666666666666,4.041451884327381,7.333333333333333,66.66666666666666
557,Chuck,Arnold,1,0,0,0.0,15.0,,6.0,0.0
558,Al,Keller,2,0,0,0.0,12.5,2.1213203435596424,12.0,0.0
559,Pat,Flaherty,3,1,1,8.0,7.0,5.196152422706632,1.0,100.0
560,Bill,Cheesbourg,1,0,0,0.0,10.0,,23.0,100.0
562,Jack,Turner,1,0,0,0.0,11.0,,8.0,0.0
563,Chuck,Weyant,2,0,0,0.0,13.0,1.4142135623730951,12.0,0.0
564,Jud,Larson,1,0,0,0.0,8.0,,11.0,100.0
566,Carroll,Shelby,4,0,0,0.0,7.75,2.6299556396765835,6.75,100.0
567,Fritz,d'Orey,1,0,0,0.0,10.0,,8.0,100.0
569,Peter,Ashdown,1,0,0,0.0,12.0,,11.0,0.0
572,Harry,Blanchard,1,0,0,0.0,7.0,,9.0,100.0
573,Alessandro,de Tomaso,1,0,0,0.0,9.0,,3.0,100.0
577,Luigi,Musso,14,1,7,44.0,4.214285714285714,2.516975334635768,4.142857142857143,100.0
578,Mike,Hawthorn,33,3,18,126.64,3.696969696969697,2.242833705450101,1.5757575757575757,100.0
579,Juan,Fangio,44,24,35,277.14,2.25,2.2217215198192384,0.0,97.72727272727273
580,Paco,Godia,8,0,0,6.0,7.0,2.2038926600773587,9.25,100.0
581,Peter,Collins,16,3,9,47.0,4.1875,3.2294220329134227,4.5,93.75
583,Gerino,Gerini,4,0,0,1.5,8.75,3.4034296427770228,6.25,75.0
586,Luigi,Piotti,2,0,0,0.0,8.0,2.8284271247461903,6.5,100.0
589,Louis,Chiron,7,0,1,4.0,8.0,3.829708431025353,9.142857142857142,85.71428571428571
590,Stuart,Lewis-Evans,6,0,2,16.0,4.333333333333333,1.505545305418162,3.6666666666666665,100.0
591,George,Amick,1,0,1,6.0,2.0,,23.0,100.0
592,Jimmy,Reece,4,0,0,0.0,9.75,4.9916597106239795,3.75,75.0
593,Johnnie,Parsons,6,1,1,12.0,9.0,5.513619500836088,6.333333333333333,50.0
594,Johnnie,Tolan,1,0,0,0.0,13.0,,17.0,0.0
595,Billy,Garrett,1,0,0,0.0,16.0,,13.0,0.0
596,Ed,Elisian,1,0,0,0.0,18.0,,13.0,0.0
597,Pat,O'Connor,3,0,0,0.0,11.333333333333334,5.773502691896258,-3.6666666666666665,66.66666666666666
602,Robert,La Caze,1,0,0,0.0,14.0,,9.0,0.0
603,André,Guelfi,1,0,0,0.0,15.0,,10.0,0.0
606,Alfonso,de Portago,3,0,1,4.0,5.666666666666667,4.041451884327381,4.333333333333333,100.0
607,Cesare,Perdisa,7,0,2,5.0,5.571428571428571,1.9880595947760098,4.571428571428571,100.0
608,Eugenio,Castellotti,8,0,3,19.5,5.0,2.878491668515698,0.125,100.0
609,André,Simon,4,0,0,0.0,8.0,2.449489742783178,7.0,75.0
611,Sam,Hanks,5,1,4,20.0,4.0,4.0,9.4,80.0
612,Andy,Linden,5,0,0,5.0,8.4,5.029910535983717,9.2,60.0
613,Marshall,Teague,2,0,0,0.0,11.0,5.656854249492381,7.0,50.0
615,Fred,Agabashian,3,0,0,1.5,7.333333333333333,4.163331998932265,3.6666666666666665,66.66666666666666
617,Mike,MacDowel,1,0,0,0.0,7.0,,8.0,100.0
619,Bob,Gerard,7,0,0,0.0,8.714285714285714,2.563479777846623,6.857142857142857,57.14285714285714
620,Umberto,Maglioli,6,0,2,3.33,6.0,2.5298221281347035,4.666666666666667,100.0
622,Chico,Landi,3,0,0,1.5,7.0,2.6457513110645907,8.0,100.0
623,Alberto,Uria,1,0,0,0.0,6.0,,7.0,100.0
624,Hernando,da Silva Ramos,3,0,0,2.0,7.0,1.7320508075688772,7.0,100.0
625,Élie,Bayol,2,0,0,2.0,5.5,0.7071067811865476,7.5,100.0
626,Robert,Manzon,11,0,2,16.0,6.909090909090909,3.4483197489370228,3.0,90.9090909090909
627,Louis,Rosier,26,0,2,18.0,7.5,2.745906043549196,6.038461538461538,96.15384615384616
628,Bob,Sweikert,3,1,1,8.0,7.0,6.557438524302,4.0,66.66666666666666
629,Cliff,Griffith,2,0,0,0.0,9.5,0.7071067811865476,10.0,100.0
630,Duke,Dinsmore,2,0,0,0.0,16.5,0.7071067811865476,5.0,0.0
632,Paul,Frère,5,0,1,11.0,5.8,3.1937438845342623,4.2,100.0
633,Luigi,Villoresi,18,0,8,48.0,4.277777777777778,1.6735153404648675,1.6111111111111112,100.0
638,Ottorino,Volonterio,1,0,0,0.0,11.0,,5.0,0.0
640,Toulo,de Graffenried,12,0,0,9.0,7.0,3.9312269655344823,5.166666666666667,91.66666666666666
641,Piero,Taruffi,12,1,5,41.0,4.083333333333333,2.193309385519074,2.5,100.0
642,Nino,Farina,27,5,20,126.33,2.814814814814815,1.5698367636118937,0.37037037037037035,100.0
643,Roberto,Mieres,8,0,0,13.0,5.125,1.1259916264596033,9.125,100.0
644,Sergio,Mantovani,6,0,0,4.0,6.666666666666667,1.505545305418162,5.666666666666667,100.0
647,Alberto,Ascari,22,13,17,138.0,2.1818181818181817,1.9672645653622367,0.45454545454545453,100.0
648,Karl,Kling,6,0,2,17.0,4.166666666666667,1.7224014243685084,5.333333333333333,100.0
650,Jacques,Pollet,2,0,0,0.0,8.5,2.1213203435596424,7.5,100.0
651,Lance,Macklin,5,0,0,0.0,10.2,2.949576240750525,6.2,60.0
653,Jimmy,Davies,4,0,1,4.0,10.25,5.737304826019502,13.75,50.0
654,Walt,Faulkner,4,0,0,1.0,10.25,5.377421934967225,-3.5,50.0
655,Cal,Niday,1,0,0,0.0,10.0,,3.0,100.0
656,Art,Cross,3,0,1,8.0,6.0,4.58257569495584,13.666666666666666,66.66666666666666
657,Bill,Vukovich,3,2,2,18.0,6.333333333333333,9.237604307034013,3.0,66.66666666666666
658,Jack,McGrath,5,0,2,9.0,7.2,5.019960159204453,-4.0,60.0
659,Jerry,Hoyt,2,0,0,0.0,14.5,9.192388155425117,9.0,50.0
660,Johnny,Claes,13,0,0,0.0,10.384615384615385,2.3287500774185546,8.076923076923077,46.15384615384615
661,Peter,Walker,1,0,0,0.0,7.0,,12.0,100.0
662,Mike,Sparken,1,0,0,0.0,7.0,,16.0,100.0
663,Ken,Wharton,8,0,0,3.0,7.375,1.6850180160122068,4.375,100.0
664,Kenneth,McAlpine,2,0,0,0.0,14.5,2.1213203435596424,2.0,0.0
665,Leslie,Marr,1,0,0,0.0,13.0,,9.0,0.0
667,John,Fitch,1,0,0,0.0,9.0,,11.0,100.0
669,Prince,Bira,10,0,0,8.0,7.4,2.716206504995115,6.3,80.0
670,Onofre,Marimón,3,0,2,8.14,5.0,3.4641016151377544,12.333333333333334,100.0
672,Jorge,Daponte,1,0,0,0.0,11.0,,8.0,0.0
673,Mike,Nazaruk,2,0,1,8.0,3.5,2.1213203435596424,7.0,100.0
674,Larry,Crockett,1,0,0,0.0,9.0,,16.0,100.0
675,Manny,Ayulo,4,0,1,2.0,12.25,6.994045086119096,2.0,25.0
676,Frank,Armi,1,0,0,0.0,19.0,,14.0,0.0
677,Travis,Webb,1,0,0,0.0,20.0,,-6.0,0.0
679,Ernie,McCoy,2,0,0,0.0,12.0,5.656854249492381,8.0,50.0
680,Jacques,Swaters,3,0,0,0.0,8.333333333333334,1.5275252316519465,10.666666666666666,100.0
682,Don,Beauman,1,0,0,0.0,11.0,,6.0,0.0
683,Leslie,Thorne,1,0,0,0.0,14.0,,9.0,0.0
686,Reg,Parnell,4,0,1,9.0,4.75,1.707825127659933,5.0,100.0
687,Peter,Whitehead,5,0,1,4.0,7.6,2.7928480087537886,8.0,100.0
688,Eric,Brandon,4,0,0,0.0,12.5,5.44671154612273,4.25,50.0
689,Alan,Brown,6,0,0,2.0,11.5,6.348228099241551,2.6666666666666665,50.0
690,Rodney,Nuckey,1,0,0,0.0,11.0,,9.0,0.0
691,Hermann,Lang,1,0,0,2.0,5.0,,6.0,100.0
692,Theo,Helfrich,1,0,0,0.0,12.0,,16.0,0.0
693,Fred,Wacker,2,0,0,0.0,7.5,2.1213203435596424,9.0,100.0
695,Oscar,Gálvez,1,0,0,2.0,5.0,,4.0,100.0
696,John,Barber,1,0,0,0.0,8.0,,8.0,100.0
697,Felice,Bonetto,9,0,2,17.5,4.333333333333333,1.0,5.0,100.0
699,Duke,Nalon,1,0,0,0.0,11.0,,15.0,0.0
700,Carl,Scarborough,1,0,0,0.0,12.0,,7.0,0.0
701,Bill,Holland,2,0,1,6.0,8.5,9.192388155425117,10.5,50.0
702,Bob,Scott,2,0,0,0.0,15.0,4.242640687119285,10.0,0.0
703,Arthur,Legat,1,0,0,0.0,13.0,,8.0,0.0
704,Yves,Cabantous,8,0,0,5.0,8.875,3.9438016467073274,3.625,75.0
705,Tony,Crook,1,0,0,0.0,21.0,,4.0,0.0
708,Duncan,Hamilton,2,0,0,0.0,9.5,3.5355339059327378,1.0,50.0
709,Ernst,Klodwig,2,0,0,0.0,13.5,2.1213203435596424,17.0,0.0
710,Rudolf,Krause,1,0,0,0.0,14.0,,12.0,0.0
717,Hans,von Stuck,1,0,0,0.0,14.0,,15.0,0.0
719,Albert,Scherrer,1,0,0,0.0,9.0,,9.0,100.0
720,Max,de Terra,1,0,0,0.0,8.0,,11.0,100.0
721,Peter,Hirt,2,0,0,0.0,9.0,2.8284271247461903,9.0,50.0
723,Rudi,Fischer,6,0,2,10.0,7.666666666666667,4.633213427705081,2.5,50.0
724,Toni,Ulmen,1,0,0,0.0,8.0,,7.0,100.0
726,George,Connor,2,0,0,0.0,8.0,0.0,1.0,100.0
727,Jim,Rigsby,1,0,0,0.0,12.0,,14.0,0.0
728,Joe,James,1,0,0,0.0,13.0,,3.0,0.0
729,Bill,Schindler,1,0,0,0.0,14.0,,1.0,0.0
730,George,Fonder,2,0,0,0.0,17.0,2.8284271247461903,6.0,0.0
731,Henry,Banks,2,0,0,0.0,12.5,9.192388155425117,2.0,50.0
732,Johnny,McDowell,2,0,0,0.0,19.5,2.1213203435596424,13.5,0.0
734,Bobby,Ball,1,0,0,2.0,5.0,,24.0,100.0
735,Charles,de Tornaco,1,0,0,0.0,7.0,,6.0,100.0
736,Roger,Laurent,2,0,0,0.0,9.0,4.242640687119285,9.5,50.0
737,Robert,O'Brien,1,0,0,0.0,14.0,,8.0,0.0
738,Tony,Gaze,1,0,0,0.0,15.0,,1.0,0.0
740,Franco,Comotti,1,0,0,0.0,12.0,,4.0,0.0
741,Philippe,Étancelin,6,0,0,3.0,7.333333333333333,1.9663841605003498,5.5,100.0
742,Dennis,Poore,2,0,0,3.0,8.0,5.656854249492381,5.5,50.0
743,Eric,Thompson,1,0,0,2.0,5.0,,4.0,100.0
744,Ken,Downing,1,0,0,0.0,9.0,,-4.0,100.0
745,Graham,Whitehead,1,0,0,0.0,12.0,,0.0,0.0
746,Gino,Bianco,1,0,0,0.0,18.0,,10.0,0.0
748,Eitel,Cantoni,1,0,0,0.0,11.0,,12.0,0.0
751,Fritz,Riess,1,0,0,0.0,7.0,,5.0,100.0
752,Helmut,Niedermayr,1,0,0,0.0,9.0,,13.0,100.0
753,Hans,Klenk,1,0,0,0.0,11.0,,-3.0,0.0
759,Jan,Flinterman,1,0,0,0.0,9.0,,7.0,100.0
762,Franco,Rol,1,0,0,0.0,9.0,,9.0,100.0
763,Consalvo,Sanesi,3,0,0,3.0,6.666666666666667,3.0550504633038935,-1.6666666666666667,100.0
764,Guy,Mairesse,2,0,0,0.0,11.5,3.5355339059327378,8.5,50.0
766,Lee,Wallard,2,1,1,9.0,3.5,3.5355339059327378,9.0,100.0
767,Carl,Forberg,1,0,0,0.0,7.0,,17.0,100.0
768,Mauri,Rose,1,0,1,4.0,3.0,,0.0,100.0
770,Cecil,Green,1,0,0,3.0,4.0,,8.0,100.0
771,Walt,Brown,1,0,0,0.0,19.0,,1.0,0.0
772,Mack,Hellings,1,0,0,0.0,13.0,,13.0,0.0
773,Pierre,Levegh,3,0,0,0.0,8.0,1.0,6.0,100.0
774,Eugène,Chaboud,2,0,0,1.0,6.5,2.1213203435596424,2.5,100.0
778,Brian,Shawe Taylor,2,0,0,0.0,9.0,1.4142135623730951,7.0,100.0
780,Toni,Branca,2,0,0,0.0,10.5,0.7071067811865476,3.5,50.0
784,David,Hampshire,1,0,0,0.0,9.0,,7.0,100.0
785,Geoff,Crossley,1,0,0,0.0,9.0,,3.0,100.0
786,Luigi,Fagioli,7,1,6,32.0,3.2857142857142856,3.450327796711771,0.14285714285714285,85.71428571428571
787,Cuth,Harrison,1,0,0,0.0,7.0,,8.0,100.0
788,Joe,Fry,1,0,0,0.0,10.0,,10.0,100.0
793,Raymond,Sommer,1,0,0,3.0,4.0,,5.0,100.0
794,Joie,Chitwood,1,0,0,1.0,5.0,,4.0,100.0
795,Myron,Fohr,1,0,0,0.0,11.0,,5.0,0.0
796,Walt,Ader,1,0,0,0.0,22.0,,7.0,0.0
797,Jackie,Holmes,1,0,0,0.0,23.0,,7.0,0.0
799,Jimmy,Jackson,1,0,0,0.0,15.0,,-7.0,0.0
800,Nello,Pagani,1,0,0,0.0,7.0,,8.0,100.0
801,Charles,Pozzi,1,0,0,0.0,6.0,,9.0,100.0
802,Dorino,Serafini,1,0,1,3.0,2.0,,4.0,100.0
804,Johnny,Mantz,1,0,0,0.0,17.0,,-3.0,0.0
806,Óscar,González,1,0,0,0.0,6.0,,7.0,100.0
807,Nico,Hülkenberg,188,0,0,563.0,10.22340425531915,3.727780533690452,-0.010638297872340425,57.446808510638306
808,Vitaly,Petrov,47,0,1,64.0,12.914893617021276,4.074468688937526,1.7234042553191489,27.659574468085108
810,Lucas,di Grassi,10,0,0,0.0,17.6,1.897366596101028,4.4,0.0
811,Bruno,Senna,35,0,0,33.0,13.885714285714286,4.2410558380960675,2.0,31.428571428571427
812,Karun,Chandhok,9,0,0,0.0,17.22222222222222,2.3863035105460595,5.555555555555555,0.0
813,Pastor,Maldonado,67,1,1,76.0,12.805970149253731,3.4956197957831727,1.4179104477611941,20.8955223880597
814,Paul,di Resta,52,0,0,121.0,10.576923076923077,3.62099625466801,1.4038461538461537,50.0
815,Sergio,Pérez,251,6,39,1585.0,8.00796812749004,4.184726544827044,1.346613545816733,74.10358565737052
816,Jérôme,d'Ambrosio,17,0,0,0.0,17.88235294117647,2.5952445198183267,3.6470588235294117,0.0
817,Daniel,Ricciardo,218,8,32,1320.0,8.73394495412844,4.8576837359035645,1.1926605504587156,61.92660550458715
818,Jean-Éric,Vergne,45,0,0,51.0,11.911111111111111,3.095614362744217,2.1555555555555554,31.11111111111111
819,Charles,Pic,30,0,0,0.0,17.3,2.246069363623237,3.533333333333333,0.0
820,Max,Chilton,32,0,0,0.0,17.34375,2.103903821547596,2.8125,0.0
821,Esteban,Gutiérrez,46,0,0,6.0,13.956521739130435,2.7321665943929747,1.3695652173913044,2.1739130434782608
822,Valtteri,Bottas,220,10,67,1788.0,7.831818181818182,5.302182402712242,-0.08636363636363636,65.9090909090909
823,Giedo,van der Garde,16,0,0,0.0,17.375,2.0615528128088303,1.875,0.0
824,Jules,Bianchi,28,0,0,2.0,16.571428571428573,2.300218531141181,2.142857142857143,3.571428571428571
825,Kevin,Magnussen,155,0,1,196.0,12.593548387096774,3.6974838306391944,-0.05806451612903226,31.61290322580645
826,Daniil,Kvyat,90,0,3,202.0,10.622222222222222,3.4464695428239294,1.6666666666666667,48.888888888888886
828,Marcus,Ericsson,74,0,0,18.0,13.91891891891892,3.028434908221704,3.027027027027027,14.864864864864865
829,Will,Stevens,16,0,0,0.0,16.125,1.5000000000000002,1.5625,0.0
830,Max,Verstappen,179,63,112,2912.5,3.547486033519553,3.282868683108446,1.3463687150837989,96.08938547486034
831,Felipe,Nasr,33,0,0,29.0,13.090909090909092,3.556364333519173,3.0303030303030303,21.21212121212121
832,Carlos,Sainz,170,4,27,1203.5,7.229411764705882,3.6031322182386365,0.9470588235294117,81.76470588235294
833,Roberto,Merhi,12,0,0,0.0,15.5,1.977142106448322,2.9166666666666665,0.0
834,Alexander,Rossi,5,0,0,0.0,15.4,2.6076809620810595,2.4,0.0
835,Jolyon,Palmer,26,0,0,9.0,13.26923076923077,3.040495910968371,2.6538461538461537,7.6923076923076925
836,Pascal,Wehrlein,31,0,0,6.0,15.0,2.840187787218772,2.6451612903225805,9.67741935483871
837,Rio,Haryanto,9,0,0,0.0,18.22222222222222,2.1666666666666665,1.3333333333333333,0.0
838,Stoffel,Vandoorne,34,0,0,26.0,12.088235294117647,2.4663510902819086,3.1176470588235294,23.52941176470588
839,Esteban,Ocon,132,1,4,440.0,9.962121212121213,3.948920623672462,1.2348484848484849,64.39393939393939
840,Lance,Stroll,143,0,3,286.0,11.293706293706293,3.733804780445978,2.027972027972028,41.95804195804196
841,Antonio,Giovinazzi,56,0,0,21.0,13.392857142857142,2.7214873702616185,0.9464285714285714,16.071428571428573
842,Pierre,Gasly,134,1,5,426.0,10.08955223880597,3.7984220834865443,0.664179104477612,52.23880597014925
843,Brendon,Hartley,17,0,0,4.0,13.352941176470589,2.8926885519916468,2.235294117647059,17.647058823529413
844,Charles,Leclerc,126,8,43,1363.0,5.484126984126984,3.7581572654355524,0.7222222222222222,88.88888888888889
845,Sergey,Sirotkin,18,0,0,1.0,14.833333333333334,2.1760730956581074,1.8333333333333333,5.555555555555555
846,Lando,Norris,119,4,26,950.0,7.050420168067227,4.147387863842628,0.01680672268907563,84.03361344537815
847,George,Russell,111,3,15,664.0,9.36936936936937,5.432106452176771,0.3153153153153153,56.75675675675676
848,Alexander,Albon,88,0,2,238.0,10.613636363636363,3.791799433871532,0.5454545454545454,44.31818181818182
849,Nicholas,Latifi,51,0,0,9.0,15.431372549019608,2.8089492837058088,1.4901960784313726,5.88235294117647
850,Pietro,Fittipaldi,2,0,0,0.0,18.0,1.4142135623730951,0.5,0.0
851,Jack,Aitken,1,0,0,0.0,16.0,,1.0,0.0
852,Yuki,Tsunoda,74,0,0,87.0,12.27027027027027,3.3974095582922095,-0.33783783783783783,35.13513513513514
853,Nikita,Mazepin,16,0,0,0.0,17.8125,1.4705441169852747,0.625,0.0
854,Mick,Schumacher,38,0,0,12.0,15.052631578947368,2.837465260376005,0.9210526315789473,5.263157894736842
855,Guanyu,Zhou,58,0,0,16.0,13.948275862068966,2.755679390825641,0.9310344827586207,12.068965517241379
856,Nyck,de Vries,10,0,0,2.0,14.8,2.8596814119369625,-1.2,10.0
857,Oscar,Piastri,43,2,10,347.0,7.116279069767442,4.408915763085079,0.06976744186046512,79.06976744186046
858,Logan,Sargeant,29,0,0,1.0,15.689655172413794,2.8921500686694035,1.4482758620689655,3.4482758620689653
859,Liam,Lawson,11,0,0,6.0,12.909090909090908,3.2696955654783966,0.5454545454545454,27.27272727272727
860,Oliver,Bearman,3,0,0,7.0,9.666666666666666,2.5166114784235836,2.3333333333333335,66.66666666666666
861,Franco,Colapinto,6,0,0,5.0,11.166666666666666,2.041241452319315,0.3333333333333333,33.33333333333333
862,Jack,Doohan,1,0,0,0.0,15.0,,2.0,0.0
